{
  "protocol": "distant supervision from Toyhom pediatric QA; evaluation on untouched IMCS-21 official dev/test",
  "weakPoolSizes": {
    "上呼吸道感染": 868,
    "普通感冒": 5785,
    "支气管炎": 865,
    "腹泻": 2738,
    "便秘": 1734
  },
  "randomState": 42,
  "experiments": {
    "baseline_imcs_only": {
      "trainSize": 1358,
      "dev": {
        "accuracy": 0.840449,
        "macroF1": 0.850511
      },
      "test": {
        "accuracy": 0.836645,
        "macroF1": 0.849081
      },
      "testReport": {
        "上呼吸道感染": {
          "precision": 0.6956521739130435,
          "recall": 0.6597938144329897,
          "f1-score": 0.6772486772486772,
          "support": 97.0
        },
        "便秘": {
          "precision": 0.9767441860465116,
          "recall": 0.9333333333333333,
          "f1-score": 0.9545454545454546,
          "support": 45.0
        },
        "支气管炎": {
          "precision": 0.7321428571428571,
          "recall": 0.7522935779816514,
          "f1-score": 0.7420814479638009,
          "support": 109.0
        },
        "普通感冒": {
          "precision": 0.9175257731958762,
          "recall": 0.9368421052631579,
          "f1-score": 0.9270833333333334,
          "support": 95.0
        },
        "腹泻": {
          "precision": 0.9357798165137615,
          "recall": 0.9532710280373832,
          "f1-score": 0.9444444444444444,
          "support": 107.0
        },
        "accuracy": 0.8366445916114791,
        "macro avg": {
          "precision": 0.8515689613624099,
          "recall": 0.8471067718097031,
          "f1-score": 0.8490806715071422,
          "support": 453.0
        },
        "weighted avg": {
          "precision": 0.835604215211502,
          "recall": 0.8366445916114791,
          "f1-score": 0.8359007002162111,
          "support": 453.0
        }
      }
    },
    "imcs_plus_weak_500_per_class": {
      "trainSize": 3858,
      "dev": {
        "accuracy": 0.835955,
        "macroF1": 0.849494
      },
      "test": {
        "accuracy": 0.838852,
        "macroF1": 0.852122
      },
      "testReport": {
        "上呼吸道感染": {
          "precision": 0.6907216494845361,
          "recall": 0.6907216494845361,
          "f1-score": 0.6907216494845361,
          "support": 97.0
        },
        "便秘": {
          "precision": 0.9767441860465116,
          "recall": 0.9333333333333333,
          "f1-score": 0.9545454545454546,
          "support": 45.0
        },
        "支气管炎": {
          "precision": 0.7391304347826086,
          "recall": 0.7798165137614679,
          "f1-score": 0.7589285714285714,
          "support": 109.0
        },
        "普通感冒": {
          "precision": 0.9431818181818182,
          "recall": 0.8736842105263158,
          "f1-score": 0.907103825136612,
          "support": 95.0
        },
        "腹泻": {
          "precision": 0.9363636363636364,
          "recall": 0.9626168224299065,
          "f1-score": 0.9493087557603687,
          "support": 107.0
        },
        "accuracy": 0.8388520971302428,
        "macro avg": {
          "precision": 0.8572283449718222,
          "recall": 0.8480345059071119,
          "f1-score": 0.8521216512711085,
          "support": 453.0
        },
        "weighted avg": {
          "precision": 0.8417480962065765,
          "recall": 0.8388520971302428,
          "f1-score": 0.8397983664339896,
          "support": 453.0
        }
      }
    },
    "imcs_plus_weak_2000_per_class": {
      "trainSize": 8825,
      "dev": {
        "accuracy": 0.829213,
        "macroF1": 0.844393
      },
      "test": {
        "accuracy": 0.81457,
        "macroF1": 0.833414
      },
      "testReport": {
        "上呼吸道感染": {
          "precision": 0.6283185840707964,
          "recall": 0.7319587628865979,
          "f1-score": 0.6761904761904762,
          "support": 97.0
        },
        "便秘": {
          "precision": 0.9767441860465116,
          "recall": 0.9333333333333333,
          "f1-score": 0.9545454545454546,
          "support": 45.0
        },
        "支气管炎": {
          "precision": 0.7053571428571429,
          "recall": 0.7247706422018348,
          "f1-score": 0.7149321266968326,
          "support": 109.0
        },
        "普通感冒": {
          "precision": 0.95,
          "recall": 0.8,
          "f1-score": 0.8685714285714285,
          "support": 95.0
        },
        "腹泻": {
          "precision": 0.9619047619047619,
          "recall": 0.9439252336448598,
          "f1-score": 0.9528301886792453,
          "support": 107.0
        },
        "accuracy": 0.8145695364238411,
        "macro avg": {
          "precision": 0.8444649349758425,
          "recall": 0.8267975944133251,
          "f1-score": 0.8334139349366874,
          "support": 453.0
        },
        "weighted avg": {
          "precision": 0.8277221393426012,
          "recall": 0.8145695364238411,
          "f1-score": 0.8188515217614599,
          "support": 453.0
        }
      }
    },
    "weak_only_no_imcs": {
      "trainSize": 7467,
      "dev": {
        "accuracy": 0.67191,
        "macroF1": 0.669238
      },
      "test": {
        "accuracy": 0.662252,
        "macroF1": 0.674899
      },
      "testReport": {
        "上呼吸道感染": {
          "precision": 0.4444444444444444,
          "recall": 0.24742268041237114,
          "f1-score": 0.31788079470198677,
          "support": 97.0
        },
        "便秘": {
          "precision": 0.9318181818181818,
          "recall": 0.9111111111111111,
          "f1-score": 0.9213483146067416,
          "support": 45.0
        },
        "支气管炎": {
          "precision": 0.7216494845360825,
          "recall": 0.6422018348623854,
          "f1-score": 0.6796116504854369,
          "support": 109.0
        },
        "普通感冒": {
          "precision": 0.44594594594594594,
          "recall": 0.6947368421052632,
          "f1-score": 0.5432098765432098,
          "support": 95.0
        },
        "腹泻": {
          "precision": 0.9,
          "recall": 0.9252336448598131,
          "f1-score": 0.9124423963133641,
          "support": 107.0
        },
        "accuracy": 0.6622516556291391,
        "macro avg": {
          "precision": 0.688771611348931,
          "recall": 0.6841412226701887,
          "f1-score": 0.6748986065301479,
          "support": 453.0
        },
        "weighted avg": {
          "precision": 0.6674781191439892,
          "recall": 0.6622516556291391,
          "f1-score": 0.652558622126807,
          "support": 453.0
        }
      }
    }
  }
}