{
  "上呼吸道感染": {
    "precision": 0.7341772151898734,
    "recall": 0.5979381443298969,
    "f1-score": 0.6590909090909091,
    "support": 97.0
  },
  "便秘": {
    "precision": 0.9767441860465116,
    "recall": 0.9333333333333333,
    "f1-score": 0.9545454545454546,
    "support": 45.0
  },
  "支气管炎": {
    "precision": 0.7288135593220338,
    "recall": 0.7889908256880734,
    "f1-score": 0.7577092511013216,
    "support": 109.0
  },
  "普通感冒": {
    "precision": 0.9207920792079208,
    "recall": 0.9789473684210527,
    "f1-score": 0.9489795918367347,
    "support": 95.0
  },
  "腹泻": {
    "precision": 0.9196428571428571,
    "recall": 0.9626168224299065,
    "f1-score": 0.9406392694063926,
    "support": 107.0
  },
  "accuracy": 0.8432671081677704,
  "macro avg": {
    "precision": 0.8560339793818393,
    "recall": 0.8523652988404524,
    "f1-score": 0.8521928951961625,
    "support": 453.0
  },
  "weighted avg": {
    "precision": 0.8399258045268225,
    "recall": 0.8432671081677704,
    "f1-score": 0.8394660818043742,
    "support": 453.0
  }
}