{
  "上呼吸道感染": {
    "precision": 0.6956521739130435,
    "recall": 0.6597938144329897,
    "f1-score": 0.6772486772486772,
    "support": 97.0
  },
  "便秘": {
    "precision": 0.9767441860465116,
    "recall": 0.9333333333333333,
    "f1-score": 0.9545454545454546,
    "support": 45.0
  },
  "支气管炎": {
    "precision": 0.7321428571428571,
    "recall": 0.7522935779816514,
    "f1-score": 0.7420814479638009,
    "support": 109.0
  },
  "普通感冒": {
    "precision": 0.9175257731958762,
    "recall": 0.9368421052631579,
    "f1-score": 0.9270833333333334,
    "support": 95.0
  },
  "腹泻": {
    "precision": 0.9357798165137615,
    "recall": 0.9532710280373832,
    "f1-score": 0.9444444444444444,
    "support": 107.0
  },
  "accuracy": 0.8366445916114791,
  "macro avg": {
    "precision": 0.8515689613624099,
    "recall": 0.8471067718097031,
    "f1-score": 0.8490806715071422,
    "support": 453.0
  },
  "weighted avg": {
    "precision": 0.835604215211502,
    "recall": 0.8366445916114791,
    "f1-score": 0.8359007002162111,
    "support": 453.0
  }
}